curveID,Ref Amp,Ref PW,Active Channels,Return Channels,Monkey,Date,FAs,CRs,n_Amp,n_PW
3.0,0,200,15,128,U,20180326,2.0,189,16,1
8.0,0,0,15,128,Z,20161221,37.0,434,8,1
9.0,0,0,15,128,U,20170103,6.0,261,1,9
14.0,200,200,15,128,Y,20170410,49.0,57,8,1
15.0,250,200,15,128,Y,20170410,83.0,131,12,1
17.0,0,200,15,128,U,20180418,22.0,364,8,1
18.0,0,0,15,128,Y,20161212,165.0,216,9,1
19.0,1500,200,112,128,U,20180228,8.0,109,8,1
21.0,2400,200,112,128,U,20180228,1.0,52,8,1
23.0,2500,200,112,128,U,20180228,4.0,41,3,1
25.0,0,0,240,4,U,20161005,24.0,245,8,1
26.0,0,0,15,128,Y,20170109,54.0,366,8,2
27.0,400,100,15,16,U,20170605,3.0,47,1,8
28.0,400,150,15,16,U,20170605,18.0,44,1,8
29.0,400,200,15,16,U,20170605,8.0,42,1,8
30.0,400,250,15,16,U,20170605,11.0,57,1,8
31.0,400,100,15,128,U,20170605,3.0,44,1,7
33.0,0,0,15,192,U,20170214,4.0,234,8,1
35.0,0,0,15,192,U,20161228,5.0,300,1,9
39.0,500,200,15,128,U,20180404,9.0,92,8,1
40.0,800,200,15,128,U,20180404,5.0,59,8,1
42.0,0,200,15,32,Y,20170712,16.0,100,8,1
43.0,200,200,15,32,Y,20170712,30.0,81,8,1
44.0,400,200,15,32,Y,20170712,36.0,67,8,1
45.0,600,200,15,32,Y,20170712,60.0,27,8,1
46.0,0,0,15,32,U,20161219,4.0,273,8,1
48.0,1300,200,112,128,U,20180315,4.0,68,8,1
51.0,0,200,15,32,Y,20170801,33.0,67,8,1
52.0,200,200,15,32,Y,20170801,27.0,54,8,1
53.0,400,200,15,32,Y,20170801,95.0,115,8,1
58.0,0,0,15,128,Z,20170120,13.0,132,8,1
59.0,0,0,15,64,Z,20170120,1.0,73,8,1
60.0,0,0,15,32,Z,20170120,12.0,281,8,1
61.0,0,0,15,128,Z,20170120,2.0,90,8,1
62.0,0,0,15,64,Z,20170120,4.0,55,8,1
64.0,0,0,15,32,Z,20170120,6.0,58,8,1
65.0,0,0,15,16,Z,20170120,21.0,113,8,1
66.0,0,0,112,128,Y,20161028,46.0,263,9,9
67.0,0,200,15,16,Y,20170804,38.0,46,8,1
68.0,200,200,15,16,Y,20170804,14.0,57,8,1
69.0,400,200,15,16,Y,20170804,32.0,78,8,1
70.0,600,200,15,16,Y,20170804,95.0,46,8,1
71.0,0,0,15,128,U,20170317,60.0,343,8,1
72.0,300,200,15,128,Y,20170418,9.0,154,12,1
73.0,420,200,15,128,Y,20170418,9.0,52,8,1
74.0,0,0,15,128,Y,20170118,161.0,245,8,1
75.0,0,0,15,128,Y,20161101,65.0,390,4,1
76.0,0,0,224,16,Y,20161231,55.0,119,8,1
79.0,0,0,15,64,U,20161027,16.0,282,3,8
81.0,400,200,112,128,U,20180314,8.0,92,8,1
82.0,700,200,112,128,U,20180314,2.0,90,8,1
83.0,1300,200,112,128,U,20180314,5.0,92,8,1
84.0,400,100,15,32,U,20170609,3.0,54,1,8
85.0,400,150,15,32,U,20170609,5.0,65,1,8
86.0,400,200,15,32,U,20170609,8.0,63,1,8
87.0,400,250,15,32,U,20170609,7.0,43,1,8
88.0,400,250,15,240,U,20180518,30.0,159,1,9
90.0,0,0,15,16,Y,20161220,79.0,393,12,1
91.0,0,0,15,128,Y,20161227,29.0,79,8,6
92.0,0,0,48,192,U,20161117,20.0,308,9,1
93.0,0,0,3,48,Y,20161013,75.0,331,8,1
95.0,0,0,15,128,Y,20161026,42.0,265,1,8
100.0,200,100,14,64,Y,20170523,112.0,44,1,8
101.0,200,300,14,64,Y,20170523,54.0,10,1,4
103.0,200,200,14,64,Y,20170523,66.0,76,1,8
104.0,0,0,15,192,U,20161104,27.0,338,1,9
115.0,300,200,15,240,U,20180514,9.0,93,1,9
116.0,500,200,15,240,U,20180514,10.0,62,1,6
117.0,0,0,15,240,U,20161010,25.0,320,8,1
122.0,400,200,11,128,U,20170526,5.0,90,1,10
124.0,400,300,11,128,U,20170526,17.0,172,1,15
125.0,0,200,15,32,Y,20170629,18.0,81,8,1
126.0,200,200,15,32,Y,20170629,42.0,113,8,1
127.0,400,200,15,32,Y,20170629,38.0,99,8,1
128.0,0,0,15,128,Z,20161213,178.0,296,1,1
130.0,0,0,12,192,U,20161011,24.0,346,8,1
131.0,0,200,15,32,Y,20170614,3.0,40,5,1
132.0,200,200,15,32,Y,20170614,21.0,50,8,1
133.0,400,200,15,32,Y,20170614,14.0,50,8,1
134.0,600,200,15,32,Y,20170614,45.0,56,8,1
136.0,0,200,15,128,U,20180424,6.0,78,8,1
137.0,0,200,15,192,U,20180424,11.0,214,8,1
138.0,0,200,15,240,U,20180502,2.0,152,8,1
139.0,400,200,15,240,U,20180502,11.0,74,8,1
141.0,0,200,15,128,U,20180405,1.0,84,8,1
142.0,500,200,15,128,U,20180405,14.0,117,8,1
144.0,0,200,15,16,Y,20170711,16.0,106,8,1
145.0,200,200,15,16,Y,20170711,9.0,72,8,1
146.0,400,200,15,16,Y,20170711,55.0,72,8,1
147.0,0,0,15,128,U,20170208,9.0,152,1,9
149.0,0,0,15,128,U,20170208,1.0,72,1,9
150.0,0,0,15,128,U,20170220,22.0,195,8,1
151.0,0,0,15,32,U,20170220,7.0,56,8,1
152.0,0,200,15,16,Y,20170718,30.0,47,7,1
153.0,200,200,15,16,Y,20170718,11.0,67,8,1
154.0,400,200,15,16,Y,20170718,35.0,87,8,1
155.0,600,200,15,16,Y,20170718,40.0,41,8,1
156.0,0,200,15,32,Y,20170718,9.0,61,8,1
157.0,0,0,7,112,Y,20161019,76.0,274,16,1
158.0,0,200,15,16,Y,20170615,4.0,56,8,1
159.0,200,200,15,16,Y,20170615,13.0,72,8,1
160.0,400,200,15,16,Y,20170615,9.0,60,8,1
161.0,600,200,15,16,Y,20170615,15.0,72,8,1
162.0,0,200,15,128,Y,20170615,25.0,29,5,1
164.0,0,0,15,128,Y,20170221,2.0,99,8,1
165.0,0,0,15,64,Y,20170221,2.0,81,8,1
166.0,0,0,15,16,Y,20170221,12.0,146,8,1
168.0,0,0,9,144,U,20161018,18.0,283,8,1
169.0,0,0,15,128,Z,20161212,146.0,247,1,1
171.0,0,0,15,192,U,20170104,0.0,110,1,9
173.0,0,0,15,192,U,20170104,1.0,167,1,9
174.0,0,200,15,16,Y,20170814,76.0,57,8,1
175.0,200,200,15,16,Y,20170814,57.0,80,8,1
176.0,400,200,15,16,Y,20170814,60.0,121,8,1
180.0,0,0,15,16,Y,20170309,11.0,89,8,1
182.0,0,0,15,128,Y,20170309,1.0,104,8,1
183.0,0,0,15,64,Y,20170309,6.0,140,15,1
185.0,0,0,60,195,U,20161031,11.0,63,8,1
187.0,0,0,15,192,U,20161031,10.0,218,9,1
188.0,0,0,15,128,U,20161025,6.0,220,8,1
189.0,0,0,15,64,Y,20161214,112.0,268,8,1
190.0,0,200,15,32,Y,20170630,16.0,75,8,1
191.0,200,200,15,32,Y,20170630,30.0,80,8,1
192.0,400,200,15,32,Y,20170630,29.0,51,8,1
193.0,600,200,15,32,Y,20170630,27.0,59,8,1
194.0,0,200,15,16,Y,20170630,7.0,48,7,1
195.0,0,0,15,240,Y,20161010,77.0,293,8,1
196.0,400,50,15,64,U,20180605,4.0,113,1,8
199.0,0,0,15,192,U,20161226,7.0,339,1,9
200.0,0,0,224,16,Y,20161229,39.0,150,14,1
201.0,0,0,15,128,Z,20161227,53.0,469,8,1
202.0,0,0,15,96,U,20161230,3.0,218,8,1
203.0,0,0,15,48,U,20161230,5.0,113,8,1
204.0,0,0,15,128,Z,20161223,144.0,120,8,1
205.0,400,120,15,64,U,20170523,14.0,98,1,8
206.0,400,155,15,64,U,20170523,7.0,67,1,8
207.0,400,200,15,64,U,20170523,2.0,70,1,6
211.0,400,50,15,240,U,20180516,5.0,260,1,13
212.0,400,150,15,240,U,20180516,1.0,43,1,2
214.0,0,0,15,128,U,20170315,14.0,110,8,2
216.0,0,0,15,128,U,20170315,28.0,184,16,2
217.0,200,100,15,64,Y,20170601,28.0,24,1,6
218.0,200,150,15,64,Y,20170601,43.0,56,1,8
219.0,200,200,15,64,Y,20170601,33.0,36,1,8
220.0,200,250,15,64,Y,20170601,37.0,34,1,8
221.0,200,100,15,32,Y,20170601,19.0,45,1,8
223.0,800,200,15,240,U,20180503,6.0,128,8,1
225.0,500,200,15,240,U,20180503,9.0,107,8,1
227.0,0,200,15,16,Y,20170626,52.0,93,8,1
228.0,200,200,15,16,Y,20170626,21.0,83,8,1
229.0,400,200,15,16,Y,20170626,32.0,74,8,1
232.0,500,200,112,128,U,20180312,9.0,66,8,1
233.0,1000,200,112,128,U,20180312,2.0,79,8,1
234.0,0,0,192,48,U,20161121,21.0,322,8,1
235.0,0,200,15,32,Y,20170705,16.0,85,8,1
236.0,200,200,15,32,Y,20170705,22.0,56,8,1
237.0,400,200,15,32,Y,20170705,35.0,57,8,1
238.0,600,200,15,32,Y,20170705,59.0,65,8,1
239.0,0,200,15,16,Y,20170808,43.0,73,8,1
240.0,200,200,15,16,Y,20170808,21.0,67,8,1
241.0,400,200,15,16,Y,20170808,83.0,25,8,1
243.0,400,100,15,32,U,20170613,1.0,50,1,8
244.0,400,150,15,32,U,20170613,6.0,51,1,8
245.0,400,200,15,32,U,20170613,9.0,93,1,8
246.0,400,250,15,32,U,20170613,6.0,70,1,8
252.0,0,0,208,32,Y,20161221,89.0,388,9,1
253.0,0,0,15,128,Y,20170217,56.0,374,8,1
254.0,0,0,15,128,Y,20161209,142.0,277,8,1
255.0,0,200,15,32,Y,20170807,68.0,32,8,1
256.0,200,200,15,32,Y,20170807,35.0,39,8,1
257.0,400,200,15,32,Y,20170807,75.0,75,8,1
259.0,0,0,15,192,Y,20161201,67.0,154,1,9
261.0,400,200,112,128,U,20180319,3.0,171,8,1
262.0,600,200,112,128,U,20180319,4.0,46,8,1
264.0,200,200,15,16,Y,20170420,60.0,33,7,1
270.0,0,0,15,32,Y,20161114,80.0,273,1,9
271.0,0,0,15,128,U,20161102,44.0,324,2,8
274.0,0,0,15,16,U,20161220,2.0,335,8,1
278.0,0,0,208,32,Y,20161011,110.0,318,8,1
279.0,400,50,15,240,U,20180515,1.0,63,1,9
282.0,0,200,15,240,U,20180515,0.0,195,8,1
283.0,0,0,15,128,U,20161213,8.0,290,8,1
284.0,0,200,15,32,Y,20170717,12.0,83,8,1
285.0,200,200,15,32,Y,20170717,13.0,71,8,1
286.0,400,200,15,32,Y,20170717,27.0,85,8,1
287.0,600,200,15,32,Y,20170717,58.0,25,8,1
288.0,0,0,15,128,Z,20170103,13.0,445,11,1
289.0,0,0,15,128,U,20161114,21.0,247,8,1
290.0,0,0,9,144,Y,20161014,55.0,282,8,1
291.0,400,50,15,240,U,20180517,3.0,165,1,13
292.0,400,150,15,240,U,20180517,12.0,82,1,9
293.0,400,250,15,240,U,20180517,15.0,85,1,9
294.0,0,0,15,128,U,20161221,4.0,376,2,9
295.0,0,0,15,128,U,20170111,7.0,261,8,1
300.0,0,0,15,128,U,20161212,5.0,186,8,1
301.0,0,0,15,64,U,20161212,2.0,130,8,1
302.0,0,200,112,128,U,20180308,21.0,374,14,1
304.0,300,200,112,128,U,20180321,11.0,84,1,9
305.0,300,200,15,128,U,20180321,23.0,87,1,9
306.0,150,200,15,128,Y,20170405,72.0,65,8,1
307.0,210,200,15,128,Y,20170405,59.0,133,8,1
308.0,0,0,15,128,U,20170207,3.0,108,1,9
309.0,0,0,15,32,U,20170207,2.0,62,1,9
310.0,150,200,15,128,Y,20170331,134.0,236,1,17
311.0,0,0,15,128,U,20170112,39.0,724,16,1
314.0,200,80,12,64,Y,20170526,39.0,55,1,8
315.0,200,200,12,64,Y,20170526,67.0,162,1,15
317.0,200,300,12,64,Y,20170526,36.0,45,1,8
321.0,0,0,15,192,Y,20161130,164.0,184,8,1
322.0,0,200,15,16,Y,20170802,50.0,23,5,1
323.0,200,200,15,16,Y,20170802,20.0,55,8,1
324.0,400,200,15,16,Y,20170802,33.0,114,8,1
326.0,0,0,15,128,Z,20170118,37.0,443,8,1
327.0,0,0,15,16,Y,20170228,17.0,133,8,1
328.0,0,0,15,128,Y,20170228,63.0,184,8,1
331.0,0,0,15,192,U,20161128,11.0,258,10,1
332.0,0,0,15,128,Z,20161216,58.0,521,2,1
333.0,0,0,14,224,Y,20161018,59.0,230,16,1
334.0,0,0,15,128,Z,20170116,25.0,85,8,1
335.0,400,100,15,128,U,20170602,5.0,45,1,8
336.0,400,150,15,128,U,20170602,6.0,45,1,8
337.0,400,200,15,128,U,20170602,5.0,57,1,8
338.0,400,250,15,128,U,20170602,6.0,59,1,8
339.0,400,100,15,16,U,20170602,10.0,89,1,8
342.0,0,0,15,128,U,20170221,5.0,68,8,1
343.0,0,0,15,64,U,20170221,7.0,77,8,1
344.0,0,0,15,32,U,20170221,0.0,56,8,1
345.0,0,0,15,16,U,20170221,3.0,74,8,1
351.0,0,0,15,128,Z,20170110,17.0,513,8,1
352.0,0,0,15,128,Y,20170111,39.0,370,8,1
356.0,0,0,15,128,U,20170120,8.0,305,16,1
358.0,0,200,80,128,Y,20170407,55.0,185,15,1
359.0,200,200,80,128,Y,20170407,35.0,20,8,1
360.0,0,0,15,64,Y,20161021,36.0,378,8,1
361.0,150,200,15,128,Y,20170327,24.0,91,12,1
362.0,180,200,15,128,Y,20170327,18.0,59,8,1
363.0,200,200,15,128,Y,20170327,43.0,81,8,1
364.0,0,0,15,192,U,20170215,4.0,282,8,1
365.0,200,200,15,16,Y,20170620,48.0,329,23,1
366.0,0,0,15,32,U,20170314,9.0,64,8,1
368.0,0,0,15,128,U,20170314,7.0,93,8,1
377.0,180,200,15,64,Y,20170419,13.0,40,8,1
378.0,200,200,15,64,Y,20170419,31.0,31,8,1
379.0,250,200,15,64,Y,20170419,35.0,35,8,1
380.0,0,200,15,32,Y,20170719,4.0,82,8,1
381.0,200,200,15,32,Y,20170719,20.0,81,8,1
382.0,400,200,15,32,Y,20170719,25.0,87,8,1
383.0,600,200,15,32,Y,20170719,70.0,29,8,1
384.0,0,0,224,16,Y,20161222,32.0,276,10,1
385.0,0,0,15,128,U,20170309,4.0,119,8,1
387.0,0,0,15,128,U,20170309,6.0,91,8,1
388.0,0,0,15,64,U,20170309,14.0,122,8,1
399.0,130,200,15,64,Y,20170515,69.0,31,8,1
402.0,0,0,15,128,U,20161222,6.0,316,2,9
403.0,0,0,15,128,Y,20170227,1.0,94,8,1
404.0,0,0,15,64,Y,20170227,3.0,72,8,1
408.0,0,200,112,128,U,20180309,12.0,284,14,1
409.0,0,200,15,32,Y,20170809,26.0,69,8,1
410.0,200,200,15,32,Y,20170809,31.0,52,8,1
411.0,400,200,15,32,Y,20170809,26.0,126,8,1
412.0,600,200,15,32,Y,20170809,24.0,79,8,1
413.0,0,0,15,192,U,20170302,1.0,60,8,1
414.0,0,0,15,128,U,20170302,3.0,63,8,1
415.0,0,0,15,64,U,20170302,8.0,40,8,1
417.0,400,50,15,192,U,20180521,8.0,355,1,13
426.0,400,150,4,64,U,20170530,7.0,43,1,5
427.0,400,200,4,64,U,20170530,4.0,62,1,8
428.0,400,250,4,64,U,20170530,11.0,55,1,7
429.0,0,0,15,128,Y,20170214,59.0,377,8,1
430.0,0,0,15,128,Y,20170315,47.0,370,8,1
431.0,0,0,15,128,Z,20161220,44.0,439,8,1
432.0,0,200,15,32,Y,20170803,26.0,52,8,1
433.0,200,200,15,32,Y,20170803,41.0,88,8,1
434.0,400,200,15,32,Y,20170803,45.0,68,8,1
435.0,600,200,15,32,Y,20170803,66.0,18,7,1
438.0,400,100,15,64,U,20170531,6.0,57,1,8
439.0,400,150,15,64,U,20170531,13.0,60,1,8
440.0,400,200,15,64,U,20170531,20.0,77,1,8
442.0,0,0,15,128,U,20161007,8.0,86,8,1
443.0,0,0,15,16,U,20161007,5.0,199,8,1
444.0,0,0,15,64,Z,20161229,44.0,439,8,1
446.0,0,0,15,192,Y,20170310,2.0,60,8,1
447.0,0,0,15,128,Y,20170310,27.0,322,8,1
450.0,300,200,15,16,U,20170419,12.0,38,7,1
451.0,420,200,15,16,U,20170419,41.0,203,13,1
456.0,0,0,15,128,U,20161026,19.0,247,1,15
460.0,0,0,15,128,U,20170227,11.0,111,8,1
461.0,0,0,15,64,U,20170227,5.0,136,8,1
462.0,0,0,15,192,U,20161227,6.0,268,1,9
463.0,0,0,15,128,U,20170212,6.0,140,9,9
464.0,0,0,15,32,U,20170212,6.0,200,9,9
466.0,0,0,15,128,U,20161223,21.0,323,1,9
467.0,400,100,15,64,U,20170519,9.0,244,1,9
472.0,200,100,15,64,Y,20170522,48.0,5,1,6
473.0,200,100,14,64,Y,20170522,80.0,49,1,14
474.0,200,150,14,64,Y,20170522,119.0,5,1,12
475.0,200,110,14,64,Y,20170522,44.0,14,1,8
476.0,0,0,15,128,U,20170323,27.0,306,8,2
477.0,400,100,15,128,U,20180322,19.0,101,1,9
479.0,400,100,112,128,U,20180322,5.0,69,1,9
481.0,400,300,15,128,U,20180322,32.0,77,1,9
483.0,0,0,3,48,U,20161013,15.0,295,8,1
484.0,0,0,15,128,U,20170328,13.0,272,8,1
498.0,0,0,8,128,Y,20161128,84.0,110,1,9
500.0,0,0,96,144,U,20161129,19.0,234,1,9
501.0,0,0,15,32,Y,20161215,100.0,279,8,1
502.0,0,0,15,128,U,20170329,27.0,242,8,2
505.0,0,0,240,2,U,20161006,17.0,280,8,1
506.0,0,0,12,192,Y,20161012,121.0,287,8,1
507.0,200,200,15,64,Y,20170519,54.0,0,1,9
514.0,0,0,15,192,U,20161103,38.0,276,9,2
516.0,0,0,15,240,Y,20161104,40.0,270,1,9
517.0,400,100,15,16,U,20170607,3.0,57,1,8
518.0,400,150,15,16,U,20170607,10.0,73,1,8
519.0,400,200,15,16,U,20170607,11.0,55,1,8
520.0,400,250,15,16,U,20170607,6.0,45,1,8
522.0,0,200,112,128,U,20180316,5.0,102,8,1
523.0,400,200,112,128,U,20180316,8.0,91,8,1
524.0,700,200,112,128,U,20180316,4.0,144,8,1
525.0,200,100,15,128,Y,20170606,7.0,64,1,8
526.0,200,150,15,128,Y,20170606,24.0,27,1,8
527.0,200,200,15,128,Y,20170606,42.0,49,1,8
528.0,200,250,15,128,Y,20170606,28.0,47,1,8
529.0,200,100,15,16,Y,20170606,26.0,48,1,8
530.0,200,150,15,16,Y,20170606,20.0,28,1,5
534.0,200,100,15,64,Y,20170608,20.0,52,1,8
535.0,200,150,15,64,Y,20170608,15.0,37,1,8
536.0,200,200,15,64,Y,20170608,38.0,73,1,8
537.0,200,250,15,64,Y,20170608,26.0,34,1,7
538.0,200,100,15,32,Y,20170608,40.0,27,1,7
540.0,0,200,15,240,U,20180425,5.0,115,8,1
541.0,0,200,15,144,U,20180425,9.0,91,8,1
543.0,0,200,15,16,Y,20170628,48.0,93,8,1
544.0,200,200,15,16,Y,20170628,11.0,87,8,1
545.0,400,200,15,16,Y,20170628,32.0,85,8,1
546.0,600,200,15,16,Y,20170628,18.0,37,6,1
547.0,0,200,15,32,Y,20170627,15.0,94,8,1
548.0,200,200,15,32,Y,20170627,40.0,115,8,1
549.0,400,200,15,32,Y,20170627,50.0,62,8,1
552.0,0,0,15,128,Y,20161031,64.0,185,8,1
553.0,0,0,15,128,U,20170206,6.0,180,2,9
554.0,0,200,208,32,U,20180420,19.0,263,15,1
555.0,0,200,15,64,U,20170614,0.0,77,8,1
559.0,400,100,15,64,U,20170601,5.0,53,1,8
560.0,400,150,15,64,U,20170601,9.0,74,1,8
561.0,400,200,15,64,U,20170601,6.0,84,1,8
562.0,400,250,15,64,U,20170601,2.0,51,1,8
563.0,400,100,15,32,U,20170601,2.0,68,1,8
564.0,0,0,6,96,U,20161017,6.0,232,8,1
566.0,320,200,112,128,U,20180306,19.0,95,1,9
567.0,400,200,112,128,U,20180306,14.0,56,1,9
569.0,0,0,15,16,Y,20170308,6.0,45,7,1
571.0,0,0,15,64,Y,20170308,2.0,60,8,1
572.0,0,0,15,128,U,20170110,6.0,318,8,4
573.0,200,200,15,128,Y,20170328,64.0,70,8,1
574.0,240,200,15,128,Y,20170328,91.0,106,8,1
580.0,0,0,15,128,Y,20170222,17.0,167,8,1
583.0,0,0,15,96,U,20161110,13.0,269,2,9
584.0,0,0,15,128,U,20170223,1.0,55,8,1
586.0,0,0,15,64,U,20170223,6.0,136,8,1
587.0,0,0,15,32,U,20170223,3.0,84,8,1
588.0,0,0,15,128,U,20170223,8.0,117,8,1
589.0,0,0,15,64,U,20170223,2.0,135,8,1
590.0,0,0,15,16,U,20170223,9.0,96,12,1
591.0,0,0,15,128,Y,20170224,2.0,47,7,1
592.0,0,0,15,64,Y,20170224,15.0,148,8,1
593.0,0,0,15,16,Y,20170224,12.0,64,10,1
594.0,0,0,15,128,U,20170224,39.0,239,18,1
595.0,0,0,14,224,U,20161019,10.0,268,8,1
597.0,0,0,15,64,Y,20170314,10.0,91,8,1
599.0,0,0,15,16,Y,20170314,12.0,50,8,1
600.0,0,0,15,32,Y,20170314,29.0,95,15,1
602.0,150,200,15,128,Y,20170511,164.0,44,8,1
603.0,0,200,15,128,Y,20170511,69.0,0,9,1
608.0,0,0,15,192,U,20161214,11.0,327,1,9
609.0,400,50,15,240,U,20180523,7.0,195,1,8
610.0,400,50,15,192,U,20180523,2.0,114,1,8
611.0,0,0,15,128,Y,20170302,16.0,155,8,1
612.0,0,0,15,32,Y,20170302,13.0,222,8,1
614.0,480,200,15,128,U,20170410,73.0,126,8,1
616.0,0,0,15,16,U,20161111,12.0,252,2,9
617.0,0,0,15,16,Y,20161111,256.0,263,2,9
621.0,0,0,15,128,Y,20170213,23.0,366,8,1
623.0,0,0,15,64,U,20161021,18.0,352,8,1
625.0,400,50,15,240,U,20180530,7.0,118,1,9
626.0,400,100,15,240,U,20180530,9.0,96,1,9
627.0,400,150,15,240,U,20180530,22.0,105,1,9
631.0,0,200,15,32,Y,20170621,23.0,88,8,1
632.0,200,200,15,32,Y,20170621,41.0,86,8,1
633.0,400,200,15,32,Y,20170621,57.0,85,8,1
634.0,0,0,15,128,Y,20170216,26.0,270,8,1
638.0,480,200,112,128,Y,20171201,6.0,53,8,1
641.0,850,200,112,128,Y,20171201,6.0,38,3,1
642.0,970,200,112,128,Y,20171201,15.0,71,8,1
649.0,0,200,15,192,U,20180509,3.0,138,8,1
650.0,0,0,15,128,Z,20170104,28.0,378,8,1
651.0,0,200,15,128,Y,20170427,74.0,0,9,1
652.0,0,0,15,16,Y,20170322,25.0,240,10,1
654.0,0,0,15,16,Y,20170322,28.0,134,8,1
655.0,0,0,15,128,Y,20161020,69.0,279,10,1
656.0,0,0,15,192,Y,20161202,282.0,188,1,9
657.0,200,100,15,64,Y,20170613,23.0,44,1,8
658.0,200,150,15,64,Y,20170613,30.0,44,1,8
659.0,200,200,15,64,Y,20170613,24.0,27,1,8
660.0,200,250,15,64,Y,20170613,78.0,26,1,8
661.0,400,100,15,128,U,20170522,0.0,153,1,15
662.0,400,200,15,128,U,20170522,29.0,73,1,8
664.0,0,200,15,16,Y,20170810,37.0,99,8,1
665.0,200,200,15,16,Y,20170810,10.0,87,8,1
666.0,400,200,15,16,Y,20170810,18.0,41,8,1
667.0,600,200,15,16,Y,20170810,48.0,87,8,1
668.0,0,0,15,64,U,20170313,9.0,94,8,1
669.0,0,0,15,128,U,20170313,3.0,118,8,1
671.0,0,200,15,128,U,20180327,7.0,48,8,1
672.0,400,200,15,128,U,20180327,30.0,161,8,1
674.0,700,200,112,128,U,20180227,15.0,131,8,1
677.0,300,200,15,128,U,20170407,59.0,234,8,1
678.0,0,0,15,128,U,20170322,25.0,351,16,1
679.0,0,0,15,128,Z,20161226,79.0,417,8,1
683.0,110,200,15,128,Y,20170413,24.0,61,8,1
685.0,200,200,15,128,Y,20170413,86.0,64,8,1
686.0,0,0,15,128,U,20170308,10.0,164,16,1
687.0,0,0,15,64,U,20170308,8.0,117,8,1
692.0,400,100,15,16,U,20170525,5.0,76,1,8
694.0,400,150,15,128,U,20170525,27.0,185,1,13
698.0,200,100,15,64,Y,20170517,117.0,183,1,22
702.0,0,0,15,128,U,20161115,6.0,169,5,8
703.0,0,0,15,128,Y,20170112,54.0,371,8,1
708.0,110,200,15,128,Y,20170428,212.0,68,13,1
709.0,400,100,15,16,U,20170608,1.0,50,1,8
711.0,600,150,15,16,U,20170608,19.0,53,1,8
712.0,600,200,15,16,U,20170608,18.0,79,1,8
713.0,600,250,15,16,U,20170608,10.0,39,1,7
717.0,400,200,112,128,Y,20170503,70.0,91,8,1
718.0,0,0,15,16,Y,20170317,131.0,355,8,1
719.0,0,200,15,128,U,20180510,3.0,327,8,1
720.0,0,200,15,64,U,20180419,9.0,166,8,1
721.0,0,200,15,32,U,20180419,2.0,45,6,1
722.0,0,200,15,16,U,20180419,1.0,68,8,1
725.0,0,0,15,128,Z,20170119,34.0,476,8,1
726.0,0,0,8,128,Y,20161025,58.0,148,8,1
728.0,0,0,176,64,Y,20161007,31.0,42,8,1
730.0,0,0,240,15,Y,20161007,102.0,234,8,1
731.0,200,100,15,64,Y,20170531,31.0,23,1,8
732.0,200,150,15,64,Y,20170531,34.0,35,1,8
733.0,200,200,15,64,Y,20170531,19.0,33,1,8
734.0,200,250,15,64,Y,20170531,43.0,85,1,8
735.0,200,100,15,32,Y,20170531,57.0,50,1,8
736.0,0,0,15,128,Y,20161213,141.0,306,8,1
737.0,400,100,15,64,U,20170518,6.0,198,1,9
743.0,200,100,15,16,Y,20170607,25.0,34,1,8
744.0,200,150,15,16,Y,20170607,11.0,40,1,7
745.0,200,200,15,16,Y,20170607,21.0,95,1,8
746.0,200,250,15,16,Y,20170607,13.0,66,1,8
747.0,200,100,15,128,Y,20170607,23.0,47,1,8
749.0,0,0,15,128,U,20170306,8.0,159,8,1
750.0,0,0,15,64,U,20170306,2.0,45,7,1
757.0,200,100,8,64,Y,20170524,304.0,159,1,16
765.0,0,0,9,144,U,20161014,12.0,261,8,1
769.0,0,0,96,144,U,20161122,15.0,323,8,1
773.0,0,0,15,240,Y,20161103,48.0,291,9,10
774.0,0,0,15,128,U,20170209,8.0,147,1,9
775.0,0,0,15,192,U,20161202,38.0,245,1,9
776.0,0,0,15,240,U,20161215,9.0,298,8,1
777.0,0,0,15,128,Z,20161219,60.0,453,2,1
778.0,0,0,15,128,U,20170327,17.0,393,8,3
780.0,500,200,112,128,U,20180307,8.0,65,8,1
781.0,1000,200,112,128,U,20180307,5.0,108,8,1
785.0,0,0,15,192,U,20170217,10.0,259,8,1
786.0,0,0,15,128,Y,20170105,72.0,199,8,1
788.0,150,200,15,128,Y,20170502,41.0,83,8,1
789.0,200,200,15,128,Y,20170502,40.0,41,7,1
790.0,0,0,15,144,U,20161130,40.0,239,8,1
795.0,0,0,15,128,U,20170320,44.0,343,16,1
797.0,0,0,15,128,U,20161208,19.0,235,8,1
798.0,0,0,15,128,Y,20170117,57.0,316,8,1
808.0,200,100,12,128,Y,20170525,34.0,56,1,8
809.0,200,150,12,128,Y,20170525,31.0,65,1,8
810.0,200,200,12,128,Y,20170525,9.0,63,1,6
811.0,0,0,15,64,Y,20161027,41.0,248,3,9
812.0,0,0,15,32,Y,20161219,79.0,299,8,1
813.0,0,0,15,128,U,20170119,12.0,317,8,1
823.0,400,200,112,128,U,20180313,15.0,123,8,1
825.0,200,150,15,32,Y,20170609,25.0,27,1,8
826.0,200,200,15,32,Y,20170609,26.0,46,1,8
827.0,200,250,15,32,Y,20170609,43.0,50,1,8
830.0,1000,200,112,128,U,20180226,14.0,71,8,1
832.0,1200,200,112,128,U,20180226,6.0,124,16,1
833.0,0,200,15,32,Y,20170703,39.0,79,8,1
834.0,200,200,15,32,Y,20170703,38.0,70,8,1
839.0,0,200,15,16,U,20180417,11.0,159,8,1
840.0,0,0,15,64,U,20161109,20.0,278,1,9
842.0,0,200,15,128,U,20180416,4.0,92,8,1
843.0,0,200,15,64,U,20180416,5.0,54,8,1
844.0,0,200,15,32,U,20180416,5.0,77,8,1
845.0,0,0,15,16,Y,20170313,12.0,79,8,1
846.0,0,0,15,128,Y,20170313,0.0,61,8,1
847.0,0,0,15,64,Y,20170313,30.0,223,8,1
851.0,0,200,15,128,U,20180511,1.0,50,7,1
852.0,300,200,15,128,U,20180511,1.0,98,8,1
853.0,700,200,15,128,U,20180511,9.0,91,8,1
855.0,0,200,15,32,Y,20170619,11.0,93,8,1
856.0,200,200,15,32,Y,20170619,14.0,87,8,1
857.0,400,200,15,32,Y,20170619,57.0,44,8,1
858.0,0,200,15,32,Y,20170616,9.0,106,8,1
859.0,200,200,15,32,Y,20170616,27.0,76,8,1
860.0,400,200,15,32,Y,20170616,26.0,92,8,1
861.0,600,200,15,32,Y,20170616,43.0,17,5,1
862.0,250,200,15,128,Y,20170329,134.0,157,8,1
863.0,400,100,15,16,U,20170606,4.0,71,1,8
864.0,400,150,15,16,U,20170606,7.0,56,1,8
865.0,400,200,15,16,U,20170606,10.0,56,1,8
866.0,400,250,15,16,U,20170606,6.0,50,1,8
868.0,0,0,15,240,U,20161201,9.0,325,8,1
869.0,0,0,15,128,Z,20161228,34.0,445,8,1
870.0,200,100,15,128,Y,20170602,3.0,47,1,8
871.0,200,150,15,128,Y,20170602,23.0,27,1,8
872.0,200,200,15,128,Y,20170602,17.0,70,1,8
873.0,200,250,15,128,Y,20170602,6.0,45,1,8
875.0,200,150,15,16,Y,20170602,25.0,46,1,8
879.0,0,0,15,128,Y,20170104,27.0,207,8,1
881.0,0,0,9,144,U,20161028,2.0,89,8,1
882.0,0,0,15,32,U,20161028,9.0,159,1,8
883.0,0,0,15,64,Y,20161207,332.0,107,8,1
884.0,0,0,15,128,Y,20170215,54.0,305,8,1
885.0,0,0,15,128,Z,20161215,70.0,329,1,1
886.0,0,200,15,32,Y,20170811,15.0,84,8,1
887.0,200,200,15,32,Y,20170811,21.0,102,8,1
888.0,400,200,15,32,Y,20170811,31.0,105,8,1
889.0,600,200,15,32,Y,20170811,33.0,10,2,1
891.0,500,200,15,128,U,20170413,15.0,188,12,1
892.0,0,0,15,16,Y,20161216,30.0,403,8,1
893.0,0,0,15,16,Y,20161230,18.0,249,12,1
894.0,0,0,15,128,Y,20170220,8.0,147,8,1
895.0,0,0,15,32,Y,20170220,6.0,163,8,1
896.0,0,0,15,64,Y,20170220,6.0,42,7,1
897.0,0,0,96,144,U,20161118,7.0,304,8,1
898.0,0,0,15,144,U,20170102,2.0,250,8,3
899.0,0,0,15,240,U,20161116,13.0,298,8,1
903.0,0,0,15,16,Y,20170301,3.0,59,8,1
904.0,0,0,15,32,Y,20170301,6.0,87,8,1
905.0,0,0,15,128,Y,20170301,18.0,242,8,1
906.0,400,200,15,240,U,20180504,15.0,105,8,1
907.0,800,200,15,240,U,20180504,17.0,215,8,1
908.0,0,200,15,16,Y,20170704,7.0,82,8,1
909.0,200,200,15,16,Y,20170704,12.0,49,8,1
910.0,400,200,15,16,Y,20170704,22.0,76,8,1
911.0,600,200,15,16,Y,20170704,48.0,34,8,1
912.0,200,200,15,32,Y,20170704,39.0,42,7,1
913.0,0,0,15,128,U,20170316,48.0,152,16,1
914.0,0,0,15,64,U,20170316,28.0,102,8,1
916.0,200,150,15,64,Y,20170530,36.0,15,1,7
917.0,200,200,15,64,Y,20170530,75.0,56,1,8
918.0,200,250,15,64,Y,20170530,65.0,43,1,8
919.0,200,100,15,32,Y,20170530,28.0,25,1,3
921.0,400,50,15,48,U,20180522,3.0,248,1,13
923.0,0,0,15,128,U,20170116,3.0,234,8,1
925.0,500,200,112,128,U,20180302,17.0,73,8,1
926.0,600,200,112,128,U,20180302,3.0,48,8,1
929.0,1500,200,112,128,U,20180302,3.0,54,7,1
931.0,0,0,15,128,Y,20170321,80.0,368,8,1
932.0,0,0,15,128,U,20170301,1.0,73,8,1
933.0,0,0,15,64,U,20170301,4.0,88,8,1
934.0,0,0,15,16,U,20170301,3.0,81,8,1
935.0,0,0,15,128,U,20161020,13.0,276,8,1
937.0,400,100,112,128,U,20180320,4.0,120,1,9
938.0,400,200,112,128,U,20180320,8.0,62,1,9
944.0,0,0,15,128,U,20170117,8.0,360,8,1
946.0,0,200,15,128,U,20180430,6.0,97,8,1
947.0,0,200,15,240,U,20180430,3.0,144,8,1
949.0,0,0,15,128,Z,20170105,43.0,410,8,1
951.0,0,0,15,128,U,20170307,8.0,230,8,1
952.0,0,0,15,128,Y,20170320,148.0,271,8,1
953.0,0,0,15,128,U,20161209,10.0,260,9,1
954.0,0,0,15,128,Y,20170316,63.0,391,8,1
957.0,0,200,112,128,U,20180223,17.0,88,8,1
959.0,0,0,15,128,U,20161101,38.0,157,2,8
961.0,400,200,112,128,U,20180305,18.0,151,8,1
965.0,800,200,15,128,U,20180411,7.0,97,8,1
966.0,1100,200,15,128,U,20180411,7.0,102,8,1
967.0,0,0,15,64,Y,20161108,47.0,246,3,9
968.0,0,0,15,16,U,20170228,3.0,59,8,1
971.0,0,0,15,64,U,20170228,6.0,89,8,1
972.0,0,0,15,128,U,20170228,11.0,67,8,1
973.0,0,0,15,128,U,20170321,11.0,271,24,2
974.0,400,100,15,64,U,20170517,3.0,189,1,17
975.0,0,0,15,128,U,20161207,19.0,255,8,1
976.0,150,200,15,64,Y,20170516,62.0,88,8,1
979.0,0,0,15,32,U,20161216,3.0,313,8,1
980.0,0,0,15,32,Z,20161230,13.0,251,8,1
981.0,0,0,15,16,Z,20161230,28.0,162,8,1
982.0,0,0,112,128,Y,20161006,185.0,269,8,1
984.0,0,200,15,128,Y,20170501,117.0,0,8,1
987.0,0,0,15,128,U,20170222,8.0,57,8,1
989.0,0,0,15,64,U,20170222,15.0,101,8,1
990.0,0,0,15,32,U,20170222,10.0,77,8,1
991.0,150,200,15,128,Y,20170324,60.0,353,15,1
992.0,1100,200,15,128,U,20180412,7.0,113,8,1
993.0,1400,200,15,128,U,20180412,3.0,63,8,1
994.0,1600,200,15,128,U,20180412,4.0,56,8,1
995.0,300,200,15,128,Y,20170330,73.0,46,10,1
998.0,150,200,15,128,Y,20170330,45.0,54,8,1
999.0,0,0,15,128,Y,20161228,84.0,337,8,1
1003.0,150,200,15,128,Y,20170406,147.0,200,8,1
1008.0,200,100,15,128,Y,20170605,5.0,60,1,8
1009.0,200,150,15,128,Y,20170605,33.0,55,1,8
1010.0,200,200,15,128,Y,20170605,26.0,71,1,8
1011.0,200,250,15,128,Y,20170605,33.0,37,1,8
1014.0,110,200,15,64,Y,20170414,50.0,55,12,1
1016.0,190,200,15,64,Y,20170414,32.0,47,9,1
1017.0,0,200,15,16,Y,20170622,7.0,99,8,1
1018.0,200,200,15,16,Y,20170622,32.0,73,8,1
1019.0,400,200,15,16,Y,20170622,69.0,56,8,1
1024.0,0,0,15,128,Z,20161214,22.0,470,1,1
1025.0,0,0,15,128,U,20170211,10.0,82,1,9
1026.0,0,200,15,32,Y,20170623,17.0,127,8,1
1027.0,200,200,15,32,Y,20170623,36.0,73,8,1
1028.0,400,200,15,32,Y,20170623,51.0,76,8,1
1029.0,0,0,15,192,U,20170216,14.0,331,8,1
1030.0,0,0,15,128,Y,20161208,195.0,114,8,1
1031.0,0,0,15,192,U,20161229,2.0,306,15,1
1032.0,300,200,112,128,U,20180323,7.0,73,1,9
1033.0,300,200,15,128,U,20180323,8.0,86,1,9
1037.0,0,0,6,96,Y,20161017,72.0,277,8,1
1043.0,1000,200,15,128,U,20180301,10.0,88,8,1
1046.0,500,200,15,128,U,20180301,9.0,81,8,1
1051.0,0,200,15,16,Y,20170706,16.0,62,8,1
1052.0,200,200,15,16,Y,20170706,4.0,104,8,1
1053.0,400,200,15,16,Y,20170706,21.0,60,8,1
1054.0,600,200,15,16,Y,20170706,46.0,100,8,1
1055.0,0,200,15,16,Y,20170720,24.0,63,8,1
1056.0,200,200,15,16,Y,20170720,8.0,55,8,1
1057.0,400,200,15,16,Y,20170720,46.0,104,8,1
1059.0,0,200,15,128,U,20180423,7.0,208,8,1
1061.0,0,200,15,64,U,20180423,4.0,84,8,1
1062.0,400,100,15,240,U,20180531,8.0,144,1,9
1063.0,400,125,15,240,U,20180531,11.0,185,1,8
1065.0,0,0,15,128,Z,20170117,50.0,468,8,1
1071.0,400,200,15,128,U,20170414,10.0,74,8,1
1072.0,580,200,15,128,U,20170414,12.0,48,8,1
1074.0,670,200,15,128,U,20170414,5.0,49,8,1
1077.0,0,0,12,192,U,20161012,21.0,335,8,1
1078.0,0,0,15,128,Y,20161226,79.0,346,8,1
1079.0,0,0,15,128,U,20170118,10.0,285,15,1
1080.0,800,200,15,128,U,20180406,17.0,73,8,1
1081.0,1000,200,15,128,U,20180406,5.0,176,16,1
1084.0,0,0,15,128,Y,20170110,51.0,357,8,1
1087.0,350,200,15,128,Y,20170510,74.0,57,8,1
1088.0,0,200,15,240,U,20180501,7.0,148,8,1
1089.0,500,200,15,240,U,20180501,4.0,60,8,1
1090.0,1000,200,15,240,U,20180501,8.0,44,8,1
1091.0,0,0,15,128,Z,20170111,21.0,410,8,1
1092.0,0,0,15,128,Y,20161223,114.0,274,8,1
1094.0,500,200,15,128,U,20170411,20.0,37,8,1
1095.0,0,200,15,128,U,20180328,9.0,100,8,1
1096.0,0,200,15,64,U,20180328,0.0,60,8,1
1097.0,0,200,15,32,U,20180328,7.0,73,8,1
1103.0,150,200,15,128,Y,20170426,81.0,135,12,1
1104.0,300,200,15,128,Y,20170509,148.0,92,16,1
1105.0,0,0,15,128,U,20170324,42.0,383,16,4
1106.0,0,0,15,64,Y,20161110,666.0,1016,3,9
1106.0,0,0,4,64,Y,20160907,666.0,1016,3,9
1107.0,0,0,15,128,Z,20161222,450.0,1400,11,1
1107.0,0,0,4,64,Y,20160909,450.0,1400,11,1
1108.0,0,0,128,8,Y,20160901,122.0,53,2,1
1109.0,0,0,8,128,U,20160928,29.0,189,8,1
1110.0,0,0,4,64,Y,20160906,191.0,81,2,1
1111.0,0,0,15,128,U,20160929,83.0,243,9,1
1112.0,0,0,15,64,Y,20160921,92.0,193,15,1
1113.0,0,0,8,128,Y,20160912,83.0,326,2,1
1114.0,0,0,15,16,Y,20160927,273.0,152,8,1
1115.0,0,0,15,64,U,20161003,11.0,295,9,1
1116.0,0,0,15,128,Y,20160920,185.0,236,15,1
1118.0,0,0,4,64,Y,20160908,229.0,251,3,1
1119.0,0,0,9,144,U,20160927,37.0,190,8,1
1120.0,0,0,4,64,Y,20160902,231.0,73,3,1
1121.0,0,0,15,32,Y,20160922,103.0,193,8,1
1122.0,0,0,8,128,U,20160926,4.0,167,16,1
